City_ID,City,Lat,Lng,Max Temp,Humidity,Cloudiness,Wind Speed,Description
0,Iaciara,-14.0958,-46.6317,62.55,59,0,2.91,clear sky
1,Arnedo,42.2167,-2.1,58.5,53,0,12.01,clear sky
2,Ribeira Grande,38.5167,-28.7,64.8,88,40,10.36,light intensity shower rain
3,Solnechnyy,50.7214,136.6319,87.58,50,98,9.1,overcast clouds
4,Bluff,-46.6,168.3333,47.8,90,100,18.95,light rain
5,Khatanga,71.9667,102.5,58.51,29,95,8.57,overcast clouds
6,Fort Collins,40.5853,-105.0844,66.81,72,73,4.0,broken clouds
7,Binghamton,42.0987,-75.918,69.91,81,75,5.75,broken clouds
8,Albany,42.6001,-73.9662,68.68,82,73,1.88,broken clouds
9,Ushuaia,-54.8,-68.3,28.06,80,0,9.22,clear sky
10,Kenai,60.5544,-151.2583,60.89,71,100,8.05,overcast clouds
11,Beringovskiy,63.05,179.3167,49.28,88,44,10.04,scattered clouds
12,Hermanus,-34.4187,19.2345,51.8,83,100,8.16,overcast clouds
13,Hobart,-42.8794,147.3294,50.25,84,75,14.97,light intensity shower rain
14,Lompoc,34.6391,-120.4579,58.51,88,100,8.01,overcast clouds
15,Henties Bay,-22.116,14.2845,68.58,45,0,9.4,clear sky
16,Punta Arenas,-53.15,-70.9167,32.85,72,100,7.38,overcast clouds
17,Tiruchchirappalli,10.8167,78.6833,93.31,43,75,17.27,broken clouds
18,Mataura,-46.1927,168.8643,47.48,96,100,8.41,moderate rain
19,Viedma,-40.8135,-62.9967,41.94,50,46,10.76,scattered clouds
20,Deputatskiy,69.3,139.9,44.42,98,100,4.16,light rain
21,Narsaq,60.9167,-46.05,43.02,80,87,2.98,overcast clouds
22,Ilulissat,69.2167,-51.1,44.62,87,100,3.44,overcast clouds
23,Mar Del Plata,-38.0023,-57.5575,42.87,60,10,3.0,clear sky
24,Axim,4.8699,-2.2405,75.97,87,100,8.61,light rain
25,Bousso,10.4795,16.7117,78.1,75,97,8.52,overcast clouds
26,Urumqi,43.801,87.6005,79.75,30,0,4.47,clear sky
27,Seoul,37.5683,126.9778,83.59,74,100,8.05,overcast clouds
28,Tarrafal,15.2833,-23.7667,75.99,84,78,10.11,broken clouds
29,Hinton,53.4001,-117.5857,52.99,83,98,3.51,overcast clouds
30,Saint-Philippe,-21.3585,55.7679,72.99,67,31,15.61,scattered clouds
31,Barrow,71.2906,-156.7887,39.22,93,100,11.5,overcast clouds
32,Faanui,-16.4833,-151.75,78.4,72,1,7.11,clear sky
33,Avarua,-21.2078,-159.775,69.85,64,0,3.44,clear sky
34,Butaritari,3.0707,172.7902,81.61,79,92,12.37,light rain
35,Fortuna,40.5982,-124.1573,59.67,91,100,3.2,overcast clouds
36,Vardo,70.3705,31.1107,51.78,93,100,10.36,moderate rain
37,Clyde River,70.4692,-68.5914,34.03,93,100,5.75,overcast clouds
38,Busselton,-33.65,115.3333,66.79,69,91,17.22,overcast clouds
39,Faya,18.3851,42.4509,77.52,23,91,9.37,overcast clouds
40,Mushie,-3.0167,16.9,78.76,52,74,5.26,broken clouds
41,Mahibadhoo,3.7833,72.9667,83.16,76,100,14.72,overcast clouds
42,Vaitape,-16.5167,-151.75,78.37,72,0,6.85,clear sky
43,Abancay,-13.6339,-72.8814,54.77,86,90,2.3,overcast clouds
44,Cururupu,-1.8283,-44.8683,73.54,94,99,5.99,overcast clouds
45,Longyearbyen,78.2186,15.6401,51.64,54,20,17.27,few clouds
46,Mongo,12.1844,18.693,79.09,66,100,15.75,overcast clouds
47,Tuktoyaktuk,69.4541,-133.0374,59.31,62,11,15.66,few clouds
48,Kloulklubed,7.0419,134.2556,79.3,92,100,13.85,moderate rain
49,Rikitea,-23.1203,-134.9692,74.91,75,0,19.62,clear sky
50,East London,-33.0153,27.9116,54.54,82,0,8.05,clear sky
51,Ipixuna,-1.7625,-48.8043,72.46,98,73,4.43,moderate rain
52,Qaanaaq,77.484,-69.3632,39.63,80,8,2.15,clear sky
53,Touros,-5.1989,-35.4608,72.37,93,97,10.27,overcast clouds
54,Adrar,20.5022,-10.0711,89.13,33,6,11.9,clear sky
55,La Orilla,17.9833,-102.2333,77.68,87,100,4.07,overcast clouds
56,Dingle,10.9995,122.6711,83.41,82,94,10.13,light rain
57,Firminy,45.3873,4.2907,58.03,77,100,9.22,overcast clouds
58,Lieksa,63.3167,30.0167,59.11,68,70,12.88,broken clouds
59,Airai,-8.9266,125.4092,62.92,87,93,2.68,overcast clouds
60,Husavik,66.0449,-17.3389,44.73,97,100,13.82,overcast clouds
61,Kapaa,22.0752,-159.319,78.78,84,100,17.27,overcast clouds
62,Hofn,64.2539,-15.2082,51.67,73,10,10.78,clear sky
63,Arraial Do Cabo,-22.9661,-42.0278,68.97,89,19,17.4,few clouds
64,Hilo,19.7297,-155.09,74.93,92,75,1.01,light rain
65,Jamestown,42.097,-79.2353,64.04,81,0,5.75,clear sky
66,Atasu,48.6814,71.6433,71.53,40,94,3.96,overcast clouds
67,Cherskiy,68.75,161.3,72.21,53,96,15.1,overcast clouds
68,Carnarvon,-24.8667,113.6333,75.33,20,0,3.13,clear sky
69,Pevek,69.7008,170.3133,51.94,65,99,7.2,overcast clouds
70,Ternate,0.8,127.4,82.18,74,94,5.01,moderate rain
71,Cockburn Town,21.4612,-71.1419,81.7,77,2,19.62,clear sky
72,Aykhal,66.0,111.5,42.24,93,100,18.28,light rain
73,Vaini,-21.2,-175.2,71.76,78,20,5.75,few clouds
74,Abong Mbang,3.9833,13.1833,70.45,93,39,2.01,scattered clouds
75,Mahebourg,-20.4081,57.7,74.25,56,40,12.66,scattered clouds
76,Cheremukhovo,60.3484,59.9851,85.86,36,75,2.91,broken clouds
77,Richards Bay,-28.783,32.0377,67.33,74,0,6.11,clear sky
78,Port Alfred,-33.5906,26.891,62.04,49,5,6.53,clear sky
79,Hambantota,6.1241,81.1185,91.74,55,40,19.57,scattered clouds
80,Jinchang,38.4953,102.1739,88.63,19,100,10.42,overcast clouds
81,Provideniya,64.3833,-173.3,51.12,86,100,4.74,overcast clouds
82,Gao,16.6362,1.637,90.34,20,3,1.5,clear sky
83,Mount Gambier,-37.8333,140.7667,50.22,58,85,9.71,overcast clouds
84,Beira,-19.8436,34.8389,68.09,94,20,4.61,few clouds
85,Tahta,26.7693,31.5021,87.73,31,6,12.3,clear sky
86,Ponta Do Sol,32.6667,-17.1,68.72,69,1,3.76,clear sky
87,Xapuri,-10.6517,-68.5044,73.31,82,5,1.1,clear sky
88,Stokmarknes,68.5646,14.9108,51.78,76,75,11.5,broken clouds
89,Leningradskiy,69.3833,178.4167,41.92,78,91,13.51,overcast clouds
90,New Norfolk,-42.7826,147.0587,49.91,80,100,3.0,light rain
91,Saskylakh,71.9167,114.0833,57.83,33,7,9.71,clear sky
92,Kavaratti,10.5669,72.642,81.52,81,100,16.67,overcast clouds
93,Half Moon Bay,37.4636,-122.4286,63.32,82,0,10.36,clear sky
94,Tiksi,71.6872,128.8694,41.52,59,100,5.1,overcast clouds
95,Castro,-24.7911,-50.0119,55.67,69,100,2.1,overcast clouds
96,Quatre Cocos,-20.2078,57.7625,74.08,57,44,20.2,scattered clouds
97,Balkanabat,39.5108,54.3671,91.85,17,7,20.27,clear sky
98,Coahuayana,18.7333,-103.6833,76.62,93,100,1.88,overcast clouds
99,Alyangula,-13.8483,136.4192,72.28,64,68,14.97,broken clouds
100,Eyl,7.9803,49.8164,85.6,47,100,33.26,overcast clouds
101,Kasulu,-4.5767,30.1025,68.09,42,26,10.56,scattered clouds
102,Wallaceburg,42.593,-82.3885,71.98,90,60,5.23,broken clouds
103,Salalah,17.0151,54.0924,78.89,94,100,12.66,haze
104,Noumea,-22.2763,166.4572,78.78,82,0,4.21,clear sky
105,Sept-Iles,50.2001,-66.3821,53.6,83,75,2.3,broken clouds
106,Ballina,-28.8667,153.5667,59.29,54,0,2.37,clear sky
107,Kaitangata,-46.2817,169.8464,48.24,95,100,18.88,light rain
108,Pombas,17.1503,-25.0201,73.18,80,69,13.04,broken clouds
109,Cabo San Lucas,22.8909,-109.9124,85.51,57,69,5.99,broken clouds
110,Nemuro,43.3236,145.575,59.76,85,5,10.78,clear sky
111,Paamiut,61.994,-49.6678,43.18,72,5,5.28,clear sky
112,Bandarbeyla,9.4942,50.8122,86.09,49,15,34.43,few clouds
113,Luanda,-8.8368,13.2343,69.8,88,75,0.0,mist
114,Hithadhoo,-0.6,73.0833,82.17,74,100,1.45,overcast clouds
115,Puerto Ayora,-0.7393,-90.3518,69.55,95,99,8.01,overcast clouds
116,Sokolo,14.7328,-6.1219,88.59,44,46,9.69,scattered clouds
117,Cabedelo,-6.9811,-34.8339,72.27,88,27,13.69,scattered clouds
118,Norman Wells,65.282,-126.8329,78.84,36,20,8.05,smoke
119,Upernavik,72.7868,-56.1549,40.06,93,43,6.89,scattered clouds
120,Dikson,73.5069,80.5464,34.74,99,100,10.58,light snow
121,Bima,-8.4667,118.7167,84.27,53,34,6.64,scattered clouds
122,Atuona,-9.8,-139.0333,77.76,76,23,18.61,few clouds
123,Bredasdorp,-34.5322,20.0403,51.3,88,100,3.13,overcast clouds
124,Koplik,42.2136,19.4364,76.6,43,100,3.42,overcast clouds
125,Labuhan,-6.8844,112.2051,84.81,58,36,1.54,scattered clouds
126,Manzanillo,20.3433,-77.1167,74.66,87,4,1.86,clear sky
127,Iqaluit,63.7506,-68.5145,40.73,86,100,3.44,overcast clouds
128,Miandoab,36.9694,46.1027,79.18,33,26,8.63,scattered clouds
129,Sosnovo-Ozerskoye,52.5249,111.5418,76.57,25,96,8.61,overcast clouds
130,Waipawa,-41.4122,175.5153,54.39,89,8,6.4,clear sky
131,Port Augusta,-32.5,137.7667,57.4,50,100,12.5,overcast clouds
132,Yankton,42.8711,-97.3973,69.12,100,0,6.91,clear sky
133,Nara,34.6851,135.8049,88.5,44,100,7.78,overcast clouds
134,Cape Town,-33.9258,18.4232,59.92,83,0,5.01,clear sky
135,Yellowknife,62.456,-114.3525,66.72,48,20,4.61,few clouds
136,Altamira,-3.2033,-52.2064,73.26,87,100,2.66,overcast clouds
137,Jacareacanga,-6.2222,-57.7528,74.28,75,68,1.92,broken clouds
138,Ludvika,60.1496,15.1878,55.2,85,100,3.44,overcast clouds
139,Aksarka,66.5606,67.7975,80.04,49,100,9.6,overcast clouds
140,Luderitz,-26.6481,15.1594,63.12,41,0,4.03,clear sky
141,San Rafael,-34.6177,-68.3301,40.15,45,100,1.23,overcast clouds
142,Namatanai,-3.6667,152.4333,82.24,74,91,11.63,light rain
143,Kondinskoye,59.6481,67.41,79.59,36,0,4.9,clear sky
144,San Quintin,30.4833,-115.95,64.67,89,1,7.92,clear sky
145,Lorengau,-2.0226,147.2712,81.77,79,85,12.33,overcast clouds
146,Kodiak,57.79,-152.4072,53.11,94,100,10.36,light rain
147,Nikolskoye,59.7035,30.7861,70.72,51,90,7.14,overcast clouds
148,Kristiansund,63.1115,7.732,54.25,76,75,14.97,broken clouds
149,San Alberto,7.7611,-73.3922,73.89,88,64,2.95,broken clouds
150,Karratha,-20.7377,116.8463,76.35,16,0,11.81,clear sky
151,Morden,49.1919,-98.1014,60.66,82,6,4.61,clear sky
152,Saint George,37.1041,-113.5841,86.59,25,0,0.0,clear sky
153,Asau,46.4333,26.4,67.28,46,99,7.27,overcast clouds
154,Panalingaan,8.7842,117.4231,83.93,75,94,7.25,overcast clouds
155,Severo-Kurilsk,50.6789,156.125,56.21,85,48,10.51,scattered clouds
156,Balgazyn,51.0,95.2,76.96,28,21,8.52,few clouds
157,Kurayoshi,35.4333,133.8167,84.11,90,100,3.31,light rain
158,Westport,41.1415,-73.3579,66.18,93,0,0.0,clear sky
159,Zhuhai,22.2769,113.5678,91.18,84,20,8.05,few clouds
160,Santa Isabel,-23.3156,-46.2214,56.5,78,84,1.74,broken clouds
161,Santa Maria,-29.6842,-53.8069,61.75,98,100,3.74,light rain
162,Arlit,18.7369,7.3853,92.3,11,3,12.44,clear sky
163,Nayoro,44.3506,142.4578,82.74,56,6,2.91,clear sky
164,Ngunguru,-35.6167,174.5,63.55,89,33,14.56,scattered clouds
165,Natalinsk,56.4739,57.8698,76.89,53,9,2.3,clear sky
166,Bubaque,11.2833,-15.8333,80.17,81,100,9.91,light rain
167,Nevsehir,38.9167,34.6667,70.81,49,0,2.3,clear sky
168,Shitanjing,39.2342,106.3439,92.55,11,35,10.2,scattered clouds
169,Buchanan,5.8808,-10.0467,76.59,84,85,6.26,overcast clouds
170,Sao Filipe,14.8961,-24.4956,73.36,84,2,7.49,clear sky
171,Portland,45.5234,-122.6762,66.42,80,40,4.61,scattered clouds
172,Puerto Boyaca,5.9758,-74.5885,73.04,97,99,2.06,overcast clouds
173,Port Elizabeth,-33.918,25.5701,48.49,87,0,1.14,clear sky
174,Porto Novo,6.4965,2.6036,78.62,87,100,7.18,light rain
175,Capreol,46.706,-80.9225,59.56,82,20,8.05,few clouds
176,Ust-Koksa,50.2696,85.6108,66.63,64,100,2.33,overcast clouds
177,Bathsheba,13.2167,-59.5167,81.21,88,75,23.02,broken clouds
178,Talnakh,69.4865,88.3972,56.21,87,100,7.72,light rain
179,Mehamn,71.0357,27.8492,53.51,100,75,0.0,broken clouds
180,Srednekolymsk,67.45,153.6833,85.37,43,17,6.91,few clouds
181,Chinsali,-10.5414,32.0816,65.57,57,5,6.58,clear sky
182,Cidreira,-30.1811,-50.2056,59.2,84,100,6.15,light rain
183,Bonavista,48.6499,-53.1147,50.79,90,100,19.17,overcast clouds
184,Kavieng,-2.5744,150.7967,81.21,81,100,14.12,moderate rain
185,Padang,-0.9492,100.3543,87.85,69,93,5.61,overcast clouds
186,Vestmannaeyjar,63.4427,-20.2734,50.58,90,63,21.9,broken clouds
187,Havre-Saint-Pierre,50.2334,-63.5986,50.0,87,0,2.3,clear sky
188,Puerto Leguizamo,-0.1934,-74.7819,70.18,99,100,1.57,overcast clouds
189,Teguise,29.0605,-13.564,66.42,83,20,19.57,few clouds
190,Chuy,-33.6971,-53.4616,42.03,60,0,4.81,clear sky
191,Hervey Bay,-25.2986,152.8535,62.62,50,0,12.21,clear sky
192,Wageningen,51.9667,5.6667,61.86,80,100,5.75,overcast clouds
193,Katsuura,35.1333,140.3,77.32,73,7,20.62,clear sky
194,Tura,25.5198,90.2201,87.55,66,100,6.62,overcast clouds
195,Flinders,-34.5833,150.8552,55.18,64,0,11.01,clear sky
196,Qasigiannguit,68.8193,-51.1922,39.87,93,100,3.87,overcast clouds
197,Chegutu,-18.1302,30.1407,61.14,50,0,7.94,clear sky
198,Ostrovnoy,68.0531,39.5131,65.39,60,91,11.61,light rain
199,Linxia,35.6003,103.2064,91.96,28,66,11.52,broken clouds
200,Sigayevo,56.4216,53.7757,75.4,62,0,5.57,clear sky
201,Nanortalik,60.1432,-45.2371,43.12,93,100,0.6,overcast clouds
202,Port Blair,11.6667,92.75,87.84,70,40,9.22,scattered clouds
203,Taltal,-25.4,-70.4833,56.23,87,44,8.86,scattered clouds
204,San Policarpo,12.1791,125.5072,85.51,68,100,8.52,overcast clouds
205,Oakdale,44.963,-92.9649,74.62,94,20,4.61,light rain
206,Saryg-Sep,51.5,95.6,74.35,34,61,6.96,broken clouds
207,Dauphin,51.1494,-100.0502,57.34,89,0,4.61,clear sky
208,Tuatapere,-46.1333,167.6833,44.35,95,100,4.12,light rain
209,Kendari,-3.945,122.4989,76.69,92,100,1.28,overcast clouds
210,Marawi,7.9986,124.2928,76.26,87,100,4.68,heavy intensity rain
211,Damavand,35.7178,52.065,81.3,21,0,8.08,clear sky
212,Baghdad,33.3406,44.4009,98.51,18,0,8.05,clear sky
213,Freeport,40.6576,-73.5832,71.19,81,0,3.44,clear sky
214,Victoria,22.2855,114.1577,91.45,77,28,10.0,scattered clouds
215,Mimongo,-1.6195,11.6068,70.77,86,100,3.29,overcast clouds
216,Rabo De Peixe,37.8,-25.5833,65.28,83,75,8.05,broken clouds
217,Lebu,-37.6167,-73.65,44.04,88,1,8.57,clear sky
218,Muros,42.7762,-9.0603,68.09,74,0,6.85,clear sky
219,Geraldton,-28.7667,114.6,79.21,17,0,13.8,clear sky
220,Pavilosta,56.8879,21.1859,64.31,84,100,2.89,overcast clouds
221,Bongandanga,1.5,21.05,80.22,68,42,2.42,scattered clouds
222,Khorramshahr,30.4397,48.1664,103.96,10,0,6.91,clear sky
223,Erdenet,49.0333,104.0833,69.28,39,39,3.76,scattered clouds
224,Plouzane,48.3833,-4.6167,59.32,97,0,8.05,clear sky
225,Saint-Joseph,-21.3667,55.6167,71.98,64,17,16.02,few clouds
226,Korla,41.7597,86.1469,92.05,14,100,6.89,overcast clouds
227,Andenes,69.3143,16.1194,49.93,93,100,21.85,overcast clouds
228,Basco,20.4487,121.9702,84.94,77,53,15.57,broken clouds
229,Venice,27.0998,-82.4543,80.01,96,100,4.61,overcast clouds
230,Port Hardy,50.6996,-127.4199,55.58,94,100,4.61,overcast clouds
231,Mareeba,-17.0,145.4333,75.67,67,1,4.52,clear sky
232,Guerrero Negro,27.9769,-114.0611,66.6,88,0,11.68,clear sky
233,Cerea,45.1921,11.2103,77.34,67,0,4.21,clear sky
234,La Joya,18.6667,-99.4667,71.38,93,100,3.62,overcast clouds
235,Luocheng,29.3848,104.0286,98.19,35,1,7.18,clear sky
236,Nome,64.5011,-165.4064,55.17,94,100,6.91,overcast clouds
237,Valparaiso,-33.0393,-71.6273,50.47,84,0,4.61,clear sky
238,Warri,5.5167,5.75,76.23,91,100,4.27,light rain
239,Torbay,47.6666,-52.7314,54.28,86,75,16.11,broken clouds
240,Constitucion,-35.3333,-72.4167,45.59,80,100,1.19,overcast clouds
241,Kiunga,-6.1219,141.2906,79.29,97,100,2.37,overcast clouds
242,Kahului,20.8947,-156.47,78.82,80,40,18.41,scattered clouds
243,Guangyuan,32.442,105.823,92.37,53,92,7.11,overcast clouds
244,Tecolutla,20.4833,-97.0167,78.48,86,99,5.14,overcast clouds
245,Kargil,34.5667,76.1,72.82,34,53,4.59,broken clouds
246,Grand Gaube,-20.0064,57.6608,75.38,57,2,7.0,clear sky
247,Oyama,36.3,139.8,89.58,36,77,12.82,broken clouds
248,Kawalu,-7.3817,108.2082,79.86,69,87,6.2,overcast clouds
249,Brigantine,39.4101,-74.3646,70.0,95,75,0.0,broken clouds
250,Ambilobe,-13.2,49.05,82.13,37,7,14.16,clear sky
251,San Isidro,-12.1167,-77.05,61.02,83,20,2.3,few clouds
252,Chokurdakh,70.6333,147.9167,44.67,86,100,9.1,overcast clouds
253,Aklavik,68.2191,-135.0107,75.72,42,97,7.07,overcast clouds
254,Rio Claro,-22.4114,-47.5614,56.7,55,12,2.08,few clouds
255,Tuensang,26.2833,94.8333,75.33,90,100,1.79,overcast clouds
256,Chapais,49.7834,-74.8492,53.38,95,100,7.85,overcast clouds
257,Pitimbu,-7.4706,-34.8086,72.19,87,43,14.03,scattered clouds
258,Georgetown,5.4112,100.3354,89.55,71,40,9.22,scattered clouds
259,Pisco,-13.7,-76.2167,62.65,77,100,3.44,overcast clouds
260,Yatou,37.15,122.3833,86.41,52,0,2.42,clear sky
261,San Patricio,28.017,-97.5169,84.88,81,0,12.08,clear sky
262,Yazman,29.1212,71.7446,106.03,30,1,7.76,clear sky
263,Fukue,32.6881,128.8419,80.96,100,75,9.22,broken clouds
264,Jalu,29.0331,21.5482,86.95,33,0,9.95,clear sky
265,Benguela,-12.5763,13.4055,68.56,83,16,1.3,few clouds
266,Kununurra,-15.7667,128.7333,80.58,18,16,10.36,few clouds
267,Tocopilla,-22.092,-70.1979,59.18,81,73,9.15,broken clouds
268,Bengkulu,-3.8004,102.2655,82.38,75,20,4.56,few clouds
269,Te Anau,-45.4167,167.7167,38.73,97,100,1.74,overcast clouds
270,Nedjo,9.5046,35.5019,59.74,95,100,3.24,light rain
271,Gryazovets,58.88,40.2525,68.09,59,7,5.75,clear sky
272,Codrington,-38.2667,141.9667,51.48,72,31,15.52,scattered clouds
273,Ambulu,-8.345,113.6058,81.46,56,29,9.4,scattered clouds
274,Kutum,14.2,24.6667,80.49,47,12,7.29,few clouds
275,Batemans Bay,-35.7167,150.1833,57.09,53,47,9.78,scattered clouds
276,Umbraresti,45.7167,27.4667,76.05,40,100,17.92,overcast clouds
277,Saldanha,-33.0117,17.9442,42.85,89,35,6.93,scattered clouds
278,San Luis,-33.295,-66.3356,44.6,28,21,10.8,few clouds
279,Berestechko,50.3605,25.1107,68.0,62,14,4.29,few clouds
280,Hasaki,35.7333,140.8333,82.29,82,15,24.47,few clouds
281,Araouane,18.9048,-3.5265,93.65,27,5,5.12,clear sky
282,Akyab,20.15,92.9,85.55,71,20,12.57,few clouds
283,Penzance,50.1186,-5.5371,61.97,89,5,10.29,clear sky
284,Trinidad,-14.8333,-64.9,76.03,63,81,4.03,broken clouds
285,Sola,-13.8833,167.55,80.17,77,100,12.97,overcast clouds
286,Santana Do Livramento,-30.8908,-55.5328,43.25,70,0,7.65,clear sky
287,Awbari,26.5921,12.7805,88.39,21,0,11.43,clear sky
288,Laon,49.5667,3.6667,59.11,71,3,5.03,clear sky
289,Sur,22.5667,59.5289,87.76,70,100,5.97,light rain
290,Stykkisholmur,65.0757,-22.7297,47.07,83,100,11.56,overcast clouds
291,Araguacu,-12.9306,-49.8264,69.33,54,0,4.81,clear sky
292,Marquette,46.5333,-87.6335,56.77,90,100,3.42,overcast clouds
293,Poum,-20.2333,164.0167,77.32,84,0,12.8,clear sky
294,Benalla,-36.55,145.9833,50.86,73,8,11.7,clear sky
295,Bethel,41.3712,-73.414,65.64,92,77,1.39,broken clouds
296,Matara,5.9485,80.5353,86.7,65,99,17.52,overcast clouds
297,Lisakovsk,52.5369,62.4936,73.99,59,73,12.21,light rain
298,Konde,-4.95,39.75,78.84,64,20,12.12,light rain
299,Joshimath,30.5667,79.5667,82.13,75,80,7.05,broken clouds
300,Canico,32.6333,-16.85,68.72,77,20,0.0,few clouds
301,Dondo,-19.6094,34.7431,67.51,75,1,3.69,clear sky
302,Mayumba,-3.432,10.6554,71.74,87,100,5.66,overcast clouds
303,Chas,23.6333,86.1667,95.13,46,66,12.86,broken clouds
304,Veraval,20.9,70.3667,82.67,83,100,20.78,overcast clouds
305,Aktash,50.3,87.7333,48.13,79,100,0.69,overcast clouds
306,North Bend,43.4065,-124.2243,58.86,97,0,4.61,clear sky
307,Prince Rupert,54.3161,-130.3201,56.89,86,100,5.75,overcast clouds
308,Godda,24.8333,87.2167,98.65,42,74,11.52,broken clouds
309,Los Llanos De Aridane,28.6585,-17.9182,64.15,89,40,13.8,scattered clouds
310,Port Hedland,-20.3167,118.5667,82.45,9,0,11.5,clear sky
311,Broken Hill,-31.95,141.4333,52.02,51,92,11.9,overcast clouds
312,Rio Verde De Mato Grosso,-18.9181,-54.8442,66.74,35,34,3.98,scattered clouds
313,Telimele,10.9167,-13.3333,69.67,99,100,1.66,overcast clouds
314,Asfi,32.2994,-9.2372,73.53,69,1,14.38,clear sky
315,Amposta,40.7131,0.581,74.3,51,0,10.02,clear sky
316,Mocuba,-16.8392,36.9856,71.46,71,20,3.69,few clouds
317,Luwuk,-0.9516,122.7875,81.46,81,95,4.76,overcast clouds
318,San Lawrenz,36.0553,14.204,81.81,87,0,3.0,clear sky
319,Buraydah,26.326,43.975,93.65,10,86,8.05,overcast clouds
320,Dedza,-14.3779,34.3332,58.96,63,16,7.58,few clouds
321,Hamilton,39.1834,-84.5333,76.23,88,100,2.51,overcast clouds
322,Saint-Nazaire,47.2833,-2.2,64.67,75,0,11.5,clear sky
323,Mormugao,15.4,73.8,78.06,94,100,11.5,overcast clouds
324,San-Pedro,4.7485,-6.6363,75.02,89,100,5.39,light rain
325,Wewak,-3.5534,143.6268,81.39,83,100,6.4,overcast clouds
326,Lavrentiya,65.5833,-171.0,46.65,87,99,3.27,overcast clouds
327,Acapulco,16.8634,-99.8901,79.07,85,100,4.97,overcast clouds
328,Moose Factory,51.2585,-80.6094,42.8,93,0,5.75,clear sky
329,Casa Nova,-9.4167,-41.1333,69.17,73,34,18.97,scattered clouds
330,Cap Malheureux,-19.9842,57.6142,75.47,59,0,8.01,clear sky
331,Ilanskiy,56.2358,96.065,72.59,47,8,7.34,clear sky
332,Rio Gallegos,-51.6226,-69.2181,19.45,86,0,5.75,clear sky
333,Orlik,52.5178,99.825,63.79,47,72,10.0,broken clouds
334,Saint-Louis,16.3333,-15.0,80.24,72,20,9.66,few clouds
335,Ancud,-41.8697,-73.8203,48.22,86,100,15.97,overcast clouds
336,Amahai,-3.3333,128.9167,76.5,94,100,4.97,heavy intensity rain
337,Peniche,39.3558,-9.3811,71.56,62,0,6.4,clear sky
338,Cayenne,4.9333,-52.3333,76.08,1,27,3.44,light rain
339,Maarianhamina,60.0973,19.9348,62.46,67,0,5.75,clear sky
340,Fairbanks,64.8378,-147.7164,75.54,52,75,18.41,smoke
341,Cambrai,50.1667,3.4167,61.11,95,3,3.06,clear sky
342,Flagstaff,35.1981,-111.6513,69.46,37,0,1.01,clear sky
343,Roma,43.2128,-75.4557,64.67,90,10,0.43,clear sky
344,Broome,42.2506,-75.833,69.6,79,100,1.01,overcast clouds
345,Miles City,46.4083,-105.8406,73.54,71,90,9.17,overcast clouds
346,Esperance,-33.8667,121.9,66.87,50,1,9.17,clear sky
347,Rincon,32.296,-81.2354,78.85,98,95,4.21,overcast clouds
348,Bara,10.3744,10.7288,77.74,78,97,10.49,overcast clouds
349,Port Macquarie,-31.4333,152.9167,57.88,59,0,7.2,clear sky
350,Copiapo,-27.3667,-70.3333,51.49,21,85,5.73,overcast clouds
351,Kieta,-6.2167,155.6333,80.64,79,75,4.54,light rain
352,Beroroha,-21.6667,45.1667,74.66,38,0,10.69,clear sky
353,Kingston,17.997,-76.7936,81.55,80,20,18.41,few clouds
354,Ahipara,-35.1667,173.1667,62.47,90,4,15.43,clear sky
355,Auki,-8.7676,160.7034,80.51,77,90,2.06,overcast clouds
356,Baykit,61.67,96.37,73.65,32,74,8.32,broken clouds
357,Puri,19.8,85.85,88.32,69,100,8.99,heavy intensity rain
358,Sao Joao Da Barra,-21.6403,-41.0511,66.58,89,100,8.59,overcast clouds
359,Moyale,3.5167,39.0584,65.34,76,100,15.59,light rain
360,San Andres,12.5847,-81.7006,82.42,83,40,10.36,scattered clouds
361,Tecoanapa,16.5167,-98.75,77.05,90,100,5.7,overcast clouds
362,Mitsamiouli,-11.3847,43.2844,79.09,65,40,4.61,scattered clouds
363,Puerto Colombia,10.9878,-74.9547,80.69,83,75,17.0,broken clouds
364,Dicabisagan,17.0818,122.4157,82.62,80,100,2.3,overcast clouds
365,Bouna,9.2667,-3.0,72.0,93,100,9.89,overcast clouds
366,Saint-Augustin,51.226,-58.6502,47.71,78,80,3.24,broken clouds
367,San Pedro De Cajas,-11.2511,-75.8617,36.34,78,56,2.46,broken clouds
368,Olafsvik,64.8945,-23.7142,47.21,83,95,14.72,overcast clouds
369,Terra Rica,-22.7094,-52.6169,62.44,49,100,4.59,overcast clouds
370,Emba,48.8264,58.1442,76.91,32,0,8.23,clear sky
371,Teguldet,57.3064,88.1667,77.23,36,15,5.21,few clouds
372,Vila Velha,-20.3297,-40.2925,69.75,91,75,3.44,broken clouds
373,Dire,12.2833,-10.9667,72.43,96,18,0.54,light rain
374,Jahanabad,25.2167,84.9833,96.64,36,99,10.31,overcast clouds
375,Shelton,41.3165,-73.0932,66.38,88,0,0.0,clear sky
376,Namie,37.4833,141.0,82.71,85,92,14.34,overcast clouds
377,Homer,59.6425,-151.5483,56.05,75,100,8.01,overcast clouds
378,Andra,62.5147,65.8878,84.6,41,100,6.15,overcast clouds
379,Samarai,-10.6167,150.6667,82.04,78,18,11.25,few clouds
380,Thompson,55.7435,-97.8558,53.76,82,0,2.3,clear sky
381,Tasiilaq,65.6145,-37.6368,37.74,95,71,3.85,broken clouds
382,Aleksandrov Gay,50.147,48.5704,85.59,26,0,2.57,clear sky
383,Romny,50.751,33.4747,70.07,73,7,13.31,clear sky
384,Noyabrsk,63.1994,75.4507,79.92,42,99,9.71,overcast clouds
385,Forestville,38.8451,-76.875,72.61,96,0,4.61,clear sky
386,Brae,60.3964,-1.353,53.62,88,100,16.55,overcast clouds
387,Najran,17.4924,44.1277,84.85,22,100,12.08,overcast clouds
388,Keetmanshoop,-26.5833,18.1333,59.68,26,0,12.75,clear sky
389,Laredo,27.5064,-99.5075,86.29,58,0,16.11,clear sky
390,Nabire,-3.3667,135.4833,80.71,85,96,1.61,overcast clouds
391,Forest Grove,45.5198,-123.1107,65.75,79,16,4.0,few clouds
392,Sadasivpet,17.6212,77.9503,72.75,92,100,15.14,light rain
393,Springdale,36.1867,-94.1288,83.57,65,62,7.09,broken clouds
394,Houma,29.5958,-90.7195,79.0,93,0,0.0,clear sky
395,Palkino,57.5409,28.0126,67.75,60,74,5.3,broken clouds
396,Bilibino,68.0546,166.4372,64.6,64,100,4.38,overcast clouds
397,Saint-Pierre,-21.3393,55.4781,73.9,63,75,19.57,broken clouds
398,Barkhan,29.8977,69.5256,91.62,40,4,2.77,clear sky
399,Valencia,39.3333,-0.8333,75.42,46,0,0.45,clear sky
400,Dwarka,22.2394,68.9678,80.46,94,100,23.47,heavy intensity rain
401,Lokosovo,61.1333,74.8167,78.53,40,8,7.11,clear sky
402,Tabou,4.423,-7.3528,75.29,87,100,7.02,light rain
403,Inhambane,-23.865,35.3833,64.38,94,40,5.75,scattered clouds
404,Yar-Sale,66.8333,70.8333,66.06,69,86,9.95,overcast clouds
405,Da Lat,11.9465,108.4419,66.72,92,100,2.26,light rain
406,Umm Lajj,25.0213,37.2685,89.06,38,0,8.1,clear sky
407,Margate,51.3813,1.3862,65.7,73,5,3.0,clear sky
408,Mattru,7.6244,-11.8332,72.19,98,74,0.98,broken clouds
409,Souillac,-20.5167,57.5167,73.78,56,40,12.66,scattered clouds
410,Yulara,-25.2406,130.9889,60.94,36,0,11.92,clear sky
411,Maliq,40.7058,20.6997,71.22,45,59,3.27,broken clouds
412,Killeen,31.1171,-97.7278,84.69,65,3,12.53,clear sky
413,Birmitrapur,22.4,84.7667,92.61,54,81,12.5,broken clouds
414,Komsomolskiy,40.4272,71.7189,88.52,20,0,6.91,clear sky
415,Strezhevoy,60.7333,77.5889,79.86,37,8,7.09,clear sky
416,Namibe,-15.1961,12.1522,66.33,86,5,3.4,clear sky
417,Uige,-7.6087,15.0613,70.36,42,93,3.6,overcast clouds
418,Sinnamary,5.3833,-52.95,77.18,88,21,7.18,few clouds
419,Iwanai,42.9744,140.5089,77.54,70,30,2.3,scattered clouds
420,Victor Harbor,-35.5667,138.6167,55.99,70,30,1.01,scattered clouds
421,Pangnirtung,66.1451,-65.7125,46.44,73,100,1.77,overcast clouds
422,Wakkanai,45.4094,141.6739,75.18,78,40,6.91,scattered clouds
423,San Carlos De Bariloche,-41.1456,-71.3082,33.24,93,40,4.61,scattered clouds
424,Naze,28.3667,129.4833,88.72,76,100,10.56,overcast clouds
425,Sambava,-14.2667,50.1667,75.27,66,8,17.78,light rain
426,Honiara,-9.4333,159.95,81.28,77,57,5.66,broken clouds
427,Kachug,53.9606,105.8817,71.71,54,99,9.42,overcast clouds
428,Palmer,42.1584,-72.3287,65.44,90,100,4.34,overcast clouds
429,Port Lincoln,-34.7333,135.8667,55.98,62,16,11.61,few clouds
430,Hohhot,40.8106,111.6522,89.89,19,20,17.9,few clouds
431,Tyrma,50.0833,132.1667,67.17,98,100,9.17,light rain
432,Ulladulla,-35.35,150.4667,54.5,55,97,12.41,overcast clouds
433,Talcahuano,-36.7167,-73.1167,37.08,100,75,3.44,mist
434,Kilingi-Nomme,58.1503,24.9642,65.61,53,61,8.28,broken clouds
435,Itarema,-2.9248,-39.9167,73.85,89,52,11.65,broken clouds
436,Kudymkar,59.0173,54.656,80.35,49,66,9.66,broken clouds
437,Aasiaat,68.7098,-52.8699,38.46,92,100,2.33,overcast clouds
438,Bambous Virieux,-20.3428,57.7575,75.22,56,40,12.66,scattered clouds
439,Sao Felix Do Xingu,-6.6447,-51.995,69.44,73,6,1.66,clear sky
440,Lima,-12.0432,-77.0282,59.9,83,20,2.3,few clouds
441,Sterling,39.0062,-77.4286,72.55,93,75,0.0,broken clouds
442,Agirish,61.9247,63.0231,85.06,37,100,7.9,overcast clouds
443,Locri,38.2414,16.2623,80.31,57,0,7.11,clear sky
444,Puerto Escondido,15.85,-97.0667,78.21,86,81,4.5,broken clouds
445,Yerbogachen,61.2767,108.0108,65.82,59,100,3.38,overcast clouds
446,Gore,-46.1028,168.9436,46.4,94,100,8.19,moderate rain
447,Jamnagar,22.4667,70.0667,83.08,83,99,21.25,heavy intensity rain
448,Sibolga,1.7427,98.7792,85.05,66,40,5.19,scattered clouds
449,Sakakah,29.9697,40.2064,87.37,17,0,2.98,clear sky
450,Pivka,45.6829,14.1959,71.96,70,10,5.97,clear sky
451,Guiren,33.6697,118.1889,96.03,38,0,3.98,clear sky
452,Cochabamba,-17.3895,-66.1568,55.15,44,53,5.75,broken clouds
453,Redlands,34.0556,-117.1825,77.34,65,0,4.61,clear sky
454,Lasa,46.6166,10.7002,67.69,61,4,7.92,clear sky
455,Saint-Francois,46.4154,3.9054,62.04,72,0,5.75,clear sky
456,Straumen,63.8709,11.2999,53.6,93,100,9.95,overcast clouds
457,Wajima,37.4,136.9,83.08,78,75,3.44,broken clouds
458,Tezpur,26.6333,92.8,91.98,64,80,8.66,moderate rain
459,Tezu,27.9167,96.1667,90.01,70,36,2.59,scattered clouds
460,Ulverstone,-41.15,146.1667,50.22,67,79,9.78,broken clouds
461,Camopi,3.1655,-52.3158,69.91,100,49,1.99,scattered clouds
462,Mamallapuram,12.6264,80.1722,87.85,59,100,20.56,overcast clouds
463,Macae,-22.3708,-41.7869,64.15,100,0,4.61,clear sky
464,Presidente Medici,-11.1753,-61.9014,68.11,59,0,2.66,clear sky
465,Milkovo,54.7167,158.6167,85.01,63,100,2.91,overcast clouds
466,Buta,2.7858,24.73,80.58,63,81,0.98,broken clouds
467,Kamenka,51.3223,42.7678,78.87,41,100,4.85,overcast clouds
468,Alofi,-19.0595,-169.9187,73.29,78,89,11.5,overcast clouds
469,Bokovskaya,49.229,41.8306,86.13,24,0,10.38,clear sky
470,Ishigaki,24.3448,124.1572,89.73,74,40,12.66,scattered clouds
471,Alta Floresta,-9.8756,-56.0861,68.09,67,0,3.8,clear sky
472,Itapirapua,-15.8233,-50.6133,66.56,52,3,4.23,clear sky
473,Lata,40.1629,-8.3327,75.07,40,0,5.19,clear sky
474,Saint Anthony,45.0205,-93.218,75.02,91,100,3.44,heavy intensity rain
475,Anori,-3.7728,-61.6442,73.83,87,9,2.59,clear sky
476,Vila,42.0304,-8.1588,60.69,60,0,4.23,clear sky
477,Belyy Yar,53.6039,91.3903,74.86,56,0,4.47,light rain
478,Alamos,27.0167,-108.9333,78.78,66,100,3.38,overcast clouds
479,Boa Vista,2.8197,-60.6733,76.98,88,40,2.3,scattered clouds
480,Walvis Bay,-22.9575,14.5053,58.15,41,0,8.05,clear sky
481,Tiznit,29.5833,-9.5,89.98,21,5,11.16,clear sky
482,Itoman,26.1247,127.6694,86.02,84,75,9.22,broken clouds
483,Singaraja,-8.112,115.0882,82.51,52,99,1.39,overcast clouds
484,Moultonborough,43.7548,-71.3967,65.55,93,100,1.01,overcast clouds
485,Goure,13.9835,10.2704,83.01,49,100,15.05,overcast clouds
486,Nantucket,41.2835,-70.0995,68.02,87,6,12.8,clear sky
487,Opuwo,-18.0607,13.84,61.86,38,0,7.52,clear sky
488,Vao,-22.6667,167.4833,74.25,89,0,8.25,clear sky
489,Talavera De La Reina,39.9635,-4.8308,72.37,40,0,8.77,clear sky
490,Surt,31.2089,16.5887,83.84,54,0,2.13,clear sky
491,Abu Samrah,35.3029,37.1841,86.86,27,0,11.9,clear sky
492,Atar,20.5169,-13.0499,84.4,52,6,7.31,clear sky
493,Moissala,8.3404,17.7663,73.78,90,100,2.13,overcast clouds
494,Port-Cartier,50.0334,-66.8654,53.28,67,100,3.65,overcast clouds
495,La Ronge,55.1001,-105.2842,64.65,52,20,4.61,few clouds
496,Leh,34.1667,77.5833,75.06,35,53,6.76,broken clouds
497,Alma,48.5501,-71.6491,57.54,88,95,4.61,overcast clouds
498,Xuanhua,40.6103,115.0447,91.81,32,30,3.76,scattered clouds
499,Kankon,15.0167,74.0167,78.6,90,100,13.49,moderate rain
500,Behshahr,36.6923,53.5526,84.15,36,0,12.37,clear sky
501,Tomatlan,19.9333,-105.25,75.61,98,100,2.19,overcast clouds
502,Itatinga,-23.1017,-48.6158,57.15,67,51,3.38,broken clouds
503,Kisangani,0.5167,25.2,82.58,53,56,0.74,broken clouds
504,Fereydun Kenar,36.6864,52.5225,78.24,61,0,13.89,clear sky
505,Kuna,43.4918,-116.4201,75.4,50,12,4.61,few clouds
506,Casablanca,33.5928,-7.6192,70.14,94,75,2.3,mist
507,Leshukonskoye,64.8989,45.7622,67.23,65,93,11.45,overcast clouds
508,Villa Rica,33.7321,-84.9191,77.79,96,48,2.42,scattered clouds
509,Tabas,33.5959,56.9244,99.3,10,0,3.22,clear sky
510,Iskateley,67.6803,53.1512,73.18,62,100,20.78,light rain
511,Ewa Beach,21.3156,-158.0072,76.08,78,100,3.44,light intensity drizzle
512,Tevriz,57.509,72.4042,80.26,37,5,2.64,clear sky
513,Kimbe,-5.5502,150.1429,81.72,81,100,3.11,light rain
514,Belmonte,-15.8631,-38.8828,71.11,85,73,5.53,broken clouds
515,Ust-Karsk,52.7011,118.8077,55.71,95,100,11.36,light rain
516,Xuanwu,32.069,118.8138,94.95,63,95,5.99,overcast clouds
517,Champerico,14.3,-91.9167,79.38,82,15,5.46,few clouds
518,Viani,4.8738,-74.5624,63.03,83,40,3.69,scattered clouds
519,Maragogi,-9.0122,-35.2225,73.92,86,18,9.89,few clouds
520,Whitehorse,60.7161,-135.0538,66.97,48,75,5.75,broken clouds
521,Stephenville Crossing,48.5,-58.4318,48.33,100,40,3.44,scattered clouds
522,Sukumo,32.9333,132.7333,82.31,85,100,4.76,overcast clouds
523,Tampere,61.4991,23.7871,65.71,65,40,11.5,scattered clouds
524,Russell,32.3502,-85.1999,81.01,77,57,2.51,broken clouds
525,Omsukchan,62.5333,155.8,84.13,32,0,21.81,clear sky
526,Vila Franca Do Campo,37.7167,-25.4333,66.2,83,100,7.36,overcast clouds
527,Snasa,64.2457,12.3778,48.99,97,100,5.55,overcast clouds
528,Podyuga,61.095,40.8647,69.82,45,23,8.79,few clouds
529,Harindanga,22.0383,88.3214,90.82,63,61,15.12,moderate rain
530,Chicama,-7.8447,-79.1469,57.74,85,5,4.99,clear sky
531,Madzhalis,42.1217,47.8333,81.77,43,0,9.33,clear sky
532,Fortuna Foothills,32.6578,-114.4119,81.21,27,0,4.45,clear sky
533,Fasa,28.9383,53.6482,90.64,38,8,0.0,clear sky
534,Sogne,58.0833,7.8167,67.15,60,7,16.58,clear sky
535,Vanimo,-2.6741,141.3028,82.02,79,100,3.11,overcast clouds
536,Lydenburg,-25.0978,30.4597,54.39,46,0,1.48,clear sky
537,Salamiyah,35.0113,37.0532,87.94,26,0,15.79,clear sky
538,Adolfo Ruiz Cortines,25.75,-108.75,84.04,74,100,4.34,overcast clouds
539,Avera,33.194,-82.5271,75.25,92,100,5.66,overcast clouds
540,Znamenskoye,57.1281,73.8282,77.29,46,87,1.97,overcast clouds
541,Maldonado,-34.6667,-54.9167,41.23,51,0,2.57,clear sky
542,Chenzhou,25.8,113.0333,90.64,58,93,4.5,overcast clouds
543,Gornyy,55.1153,83.9059,73.11,52,0,8.84,clear sky
544,Meulaboh,4.1363,96.1285,86.16,64,99,6.87,overcast clouds
545,Teya,60.3778,92.6267,74.37,35,47,6.87,scattered clouds
546,Pompeu,-19.2244,-44.9353,54.19,64,0,2.8,clear sky
547,Todos Santos,23.45,-110.2167,79.66,41,33,5.59,scattered clouds
548,Aswan,24.0934,32.907,94.71,11,61,12.19,broken clouds
549,Ketchikan,55.3422,-131.6461,57.67,94,100,8.05,light rain
550,Dijkot,31.2167,72.9833,106.5,30,20,4.14,few clouds
551,Mynay,48.5833,22.2833,70.59,36,98,9.69,overcast clouds
552,Kirovskiy,45.0917,133.5136,71.51,96,100,5.32,light rain
553,Ardakan,32.31,54.0175,97.18,11,5,5.88,clear sky
554,Sompeta,18.9333,84.6,85.3,76,99,8.77,light rain
555,Caravelas,-17.7125,-39.2481,70.18,89,93,5.7,overcast clouds
556,Cody,44.5263,-109.0565,66.02,71,5,3.56,clear sky
557,Sorong,-0.8833,131.25,80.46,85,100,9.46,light rain
558,Bilma,18.6853,12.9164,91.71,15,34,14.09,scattered clouds
559,Miri,4.4148,114.0089,86.43,66,96,10.36,overcast clouds
560,Camana,-16.6228,-72.7111,59.07,87,13,3.78,few clouds
561,Kitimat,54.0524,-128.6534,59.92,40,42,4.16,scattered clouds
562,Ust-Omchug,61.15,149.6333,72.9,69,83,18.99,broken clouds
563,Kholtoson,50.2981,103.3097,66.31,61,75,8.34,broken clouds
564,Praya,14.9215,-23.5087,73.38,84,49,8.08,scattered clouds
565,Aitape,-3.1374,142.3475,83.05,76,100,5.3,overcast clouds
566,Banjar,-8.19,114.9675,83.5,49,97,2.37,overcast clouds
567,Tahoua,14.8888,5.2692,87.1,48,13,10.2,few clouds
568,Grenfell,-33.9,148.1667,46.56,70,100,10.85,overcast clouds
569,Vasilsursk,56.1275,46.0072,79.7,51,70,5.88,broken clouds
570,Kruisfontein,-34.0033,24.7314,55.87,49,8,3.8,clear sky
571,Khash,28.2211,61.2158,90.03,16,31,14.85,scattered clouds
572,Filadelfia,39.9523,-75.1638,69.03,94,82,1.43,broken clouds
573,Jucas,-6.5253,-39.5275,67.05,96,54,3.69,broken clouds
574,Grindavik,63.8424,-22.4338,48.67,93,100,18.41,overcast clouds
575,Isangel,-19.55,169.2667,77.04,87,89,6.98,overcast clouds
576,Zhigansk,66.7697,123.3711,57.33,56,100,28.5,overcast clouds
577,Plainview,40.7765,-73.4673,69.75,83,100,2.06,overcast clouds
578,Cap-Aux-Meules,47.3821,-61.8597,60.01,78,100,12.77,overcast clouds
579,Comodoro Rivadavia,-45.8667,-67.5,46.26,57,0,5.75,clear sky
580,Popondetta,-8.7537,148.2534,83.25,66,100,4.18,overcast clouds
581,Zadar,44.1197,15.2422,72.21,46,40,18.41,scattered clouds
582,Imbituba,-28.24,-48.6703,67.86,93,48,10.0,scattered clouds
583,Hazorasp,41.3194,61.0742,82.24,17,9,8.23,clear sky
584,Wattegama,6.7989,81.4808,98.06,32,90,1.83,overcast clouds
585,Shingu,33.7333,135.9833,79.66,90,100,6.78,overcast clouds
586,Gizo,-8.103,156.8419,83.61,69,100,4.56,overcast clouds
587,Lubumbashi,-11.6609,27.4794,63.01,52,0,9.6,clear sky
588,Jaffna,9.6685,80.0074,85.44,65,37,11.77,scattered clouds
589,Tailai,46.3833,123.4,88.47,41,8,15.26,clear sky
590,Tamandare,-8.7597,-35.1047,73.98,87,36,8.93,scattered clouds
591,Gazli,40.1333,63.45,88.07,17,1,12.73,clear sky
592,Port Shepstone,-30.7414,30.455,64.17,60,0,3.76,clear sky
593,Bambanglipuro,-7.95,110.2833,81.05,68,34,12.28,scattered clouds
594,Gorontalo,0.5412,123.0595,78.69,91,100,2.98,light rain
595,Bakloh,32.4667,75.9167,79.47,75,98,2.46,overcast clouds
596,Yakymivka,46.6897,35.1536,86.43,27,99,12.8,overcast clouds
597,Mascote,-15.5631,-39.3025,65.21,99,83,1.77,broken clouds
598,Chopda,21.25,75.3,86.77,64,99,15.35,overcast clouds
599,Narkevychi,49.5172,26.6418,67.05,58,89,4.54,overcast clouds
600,Mexico,15.0646,120.7198,84.45,77,100,3.83,light rain
601,Kalmunai,7.4167,81.8167,91.0,55,77,10.54,broken clouds
602,Alice Springs,-23.7,133.8833,60.35,29,0,10.36,clear sky
603,Turukhansk,65.8167,87.9833,61.41,69,100,6.42,light rain
604,Ryotsu,38.0833,138.4333,79.59,70,100,8.9,overcast clouds
605,Oyo,7.85,3.9333,73.18,94,98,5.93,overcast clouds
606,Petropavlovsk-Kamchatskiy,53.0452,158.6483,73.99,57,0,8.95,clear sky
607,Bocanda,7.0626,-4.4995,71.26,98,100,5.12,overcast clouds
608,Ponta Delgada,37.7333,-25.6667,66.51,77,75,8.05,broken clouds
609,Marihatag,8.7936,126.2969,83.68,76,70,4.27,broken clouds
610,Aksum,14.1245,38.7244,65.68,64,100,3.62,light rain
611,Wenling,28.3669,121.36,85.5,79,72,10.27,broken clouds
612,Oranjemund,-28.55,16.4333,58.01,43,0,6.04,clear sky
613,Sadovoye,47.7764,44.5089,84.24,20,0,12.01,clear sky
614,Makakilo City,21.3469,-158.0858,74.68,83,100,3.44,light intensity drizzle
615,Pinehurst,35.1954,-79.4695,76.71,90,0,3.44,clear sky
616,Takestan,36.0696,49.6959,82.24,28,0,7.43,clear sky
617,Grootfontein,-19.5667,18.1167,56.37,39,0,7.31,clear sky
618,Sinyavskoye,47.277,39.2789,79.75,28,0,14.36,clear sky
619,Laguna,38.421,-121.4238,71.46,64,0,8.05,clear sky
620,Tilichiki,60.4667,166.1,53.58,93,100,5.3,overcast clouds
621,Lancaster,40.2504,-76.2499,71.85,84,100,3.0,overcast clouds
622,Egvekinot,66.3167,-179.1667,49.64,72,53,4.25,broken clouds
623,Dukat,62.55,155.55,81.52,34,0,22.68,clear sky
624,Ambon,-3.6954,128.1814,77.23,15,75,6.91,heavy intensity rain
625,Kingman,35.1894,-114.053,83.68,9,0,4.0,clear sky
626,Aquiraz,-3.9014,-38.3911,75.29,91,78,11.12,broken clouds
627,Micheweni,-4.9667,39.8333,78.55,66,43,14.52,light rain
628,Hirara,24.8,125.2833,89.87,74,75,11.5,broken clouds
629,Verkhnevilyuysk,63.4453,120.3167,70.9,37,47,9.66,scattered clouds
630,Altamont,42.2068,-121.7372,58.77,82,0,3.44,clear sky
631,Verkhoyansk,67.5447,133.385,48.2,89,100,14.63,overcast clouds
632,Oeiras,-7.0253,-42.1311,75.65,65,100,7.85,overcast clouds
633,Jining,35.405,116.5814,95.25,38,0,8.66,clear sky
634,Kysyl-Syr,63.8986,122.7617,66.24,50,72,10.54,broken clouds
635,Trat,12.5,102.5,84.9,83,100,6.22,overcast clouds
636,Tucuman,-26.8241,-65.2226,46.54,52,0,2.91,clear sky
637,Big Rapids,43.6981,-85.4837,64.09,98,0,0.0,clear sky
638,Maryville,35.7565,-83.9705,73.67,96,100,3.44,overcast clouds
639,Falmouth,50.1544,-5.0711,61.81,86,8,6.85,clear sky
640,Kichera,55.9375,110.0997,69.13,53,25,6.67,scattered clouds
641,Lagoa,39.05,-27.9833,65.89,78,100,14.88,overcast clouds
642,Terrace Bay,48.7834,-87.1,48.29,89,39,8.16,scattered clouds
643,Ndele,8.4109,20.6473,72.88,93,100,3.94,light rain
644,Turka,49.1541,23.0297,63.79,53,85,5.97,overcast clouds
645,Yanam,16.7333,82.2167,78.84,89,100,10.6,light rain
646,Timizart,36.8,4.2667,77.07,42,0,6.93,clear sky
647,Marrakesh,31.6315,-8.0083,82.47,36,0,3.44,clear sky
648,Ferrenafe,-6.6389,-79.7889,62.15,82,0,5.12,clear sky
649,Hwange,-18.3693,26.5019,64.11,38,5,6.71,clear sky
650,Coihaique,-45.5752,-72.0662,30.81,100,100,1.14,fog
651,Kapuskasing,49.4169,-82.4331,45.99,98,28,4.56,scattered clouds
652,Carbondale,37.7273,-89.2168,80.02,86,0,4.61,clear sky
653,Dinguiraye,11.3,-10.7167,69.94,95,20,2.51,few clouds
654,Kurumkan,54.3,110.3,76.35,41,71,2.28,broken clouds
655,Sitka,57.0531,-135.33,55.2,93,98,2.17,overcast clouds
656,Roebourne,-20.7833,117.1333,76.51,17,0,9.95,clear sky
657,Riyadh,24.6877,46.7219,102.29,8,100,15.84,overcast clouds
658,Mogilno,52.6581,17.9558,64.11,86,78,11.36,broken clouds
659,Anloga,5.7947,0.8973,77.61,85,100,13.96,light rain
660,Mizdah,31.4451,12.9801,88.65,23,2,4.38,clear sky
661,Chengdu,30.6667,104.0667,96.21,41,49,8.19,scattered clouds
662,Hudson Bay,52.85,-102.3842,54.3,92,18,3.09,few clouds
663,Zapadnaya Dvina,56.259,32.0745,67.98,55,17,3.87,few clouds
664,Liku,-0.7275,119.8922,84.04,71,98,1.88,overcast clouds
665,Pudozh,61.8099,36.5345,65.44,59,6,11.59,clear sky
666,Tha Mai,12.6214,102.0048,85.05,80,100,8.23,overcast clouds
667,Bourail,-21.5667,165.4833,75.78,80,57,2.98,broken clouds
668,Sarkand,45.41,79.9186,79.77,37,25,7.29,scattered clouds
669,Tula,54.2044,37.6111,73.6,74,56,6.08,light rain
670,Nishihara,26.1842,127.7558,85.68,84,75,9.22,broken clouds
671,Santiago Del Estero,-27.7951,-64.2615,58.89,26,98,4.88,overcast clouds
672,Tadine,-21.55,167.8833,74.32,87,6,5.32,clear sky
673,Christchurch,-43.5333,172.6333,51.91,90,40,10.36,light rain
674,Raudeberg,61.9875,5.1352,50.95,86,99,20.29,overcast clouds
675,Flin Flon,54.7682,-101.865,57.67,67,83,4.59,broken clouds
676,Mercedes,-34.6515,-59.4307,37.04,33,0,3.62,clear sky
677,Pilar,-9.5972,-35.9567,69.73,95,82,2.1,broken clouds
678,Chuhar Kana,31.75,73.8,104.02,34,100,5.1,overcast clouds
679,Dongli,23.5656,116.8194,88.29,66,34,6.53,scattered clouds
680,Beaverlodge,55.2166,-119.4361,53.26,88,99,5.1,overcast clouds
